Elf_Name,Sock_Color_Preference,Elf_Size_cm
Elf_1,Plain White,87.08372509484605
Elf_2,Plain White,89.04547627554936
Elf_3,Stripe,87.31608842945018
Elf_4,Plain White,81.95276660986327
Elf_5,Plain White,95.4862123375849
Elf_6,Stripe,111.26430541164484
Elf_7,Plain White,83.98517692357396
Elf_8,Stripe,117.11935095511166
Elf_9,Stripe,113.66683308619238
Elf_10,Plain Red,78.08821056760549
Elf_11,Stripe,109.31379783785472
Elf_12,Stripe,98.72936911588833
Elf_13,Plain Red,98.32876810857093
Elf_14,Stripe,89.55213815290873
Elf_15,Plain White,95.05764995910049
Elf_16,Plain White,89.85893887146055
Elf_17,Plain White,96.98663093799715
Elf_18,Stripe,101.39750263863179
Elf_19,Stripe,103.71519032045242
Elf_20,Stripe,96.6240596279713
Elf_21,Stripe,106.07110336643659
Elf_22,Plain White,77.06390246377529
Elf_23,Plain White,80.59912454511192
Elf_24,Stripe,110.9367502037135
Elf_25,Plain White,86.12639889232076
Elf_26,Plain White,71.14469124880601
Elf_27,Stripe,77.68955748340156
Elf_28,Plain White,81.18072172481556
Elf_29,Stripe,117.86614439472936
Elf_30,Stripe,98.65207144654246
Elf_31,Stripe,116.63653702381274
Elf_32,Stripe,98.75816752483125
Elf_33,Plain Red,93.96772200689259
Elf_34,Plain Red,85.6863845597048
Elf_35,Stripe,100.31854722166878
Elf_36,Stripe,76.9599012308765
Elf_37,Stripe,114.9130813646353
Elf_38,Stripe,111.46662025706419
Elf_39,Plain Red,85.87657239383685
Elf_40,Stripe,117.63987638006472
Elf_41,Stripe,111.2600383707784
Elf_42,Stripe,103.31534429175198
Elf_43,Stripe,76.08809555626374
Elf_44,Plain Red,93.91170115240361
Elf_45,Plain White,95.30537774233754
Elf_46,Plain Red,81.62756791826901
Elf_47,Plain Red,73.9982697179651
Elf_48,Stripe,108.83618152358463
Elf_49,Plain White,76.10175260621975
Elf_50,Plain White,99.71453752808874
Elf_51,Stripe,116.82245869418303
Elf_52,Stripe,113.80525962990212
Elf_53,Stripe,83.88763118746306
Elf_54,Stripe,112.57243187756328
Elf_55,Stripe,70.01662530602447
Elf_56,Plain Red,70.88439048066286
Elf_57,Stripe,100.12765819214324
Elf_58,Plain Red,88.23991095722647
Elf_59,Plain White,89.32304205795735
Elf_60,Plain White,98.22205453394412
Elf_61,Plain Red,79.58912277959303
Elf_62,Plain White,80.58776753327392
Elf_63,Plain Red,94.23007935094324
Elf_64,Stripe,107.71267721719315
Elf_65,Stripe,100.97488757037938
Elf_66,Plain White,84.86775241184195
Elf_67,Plain Red,91.51685887544606
Elf_68,Stripe,78.53323792749993
Elf_69,Stripe,73.73149071685408
Elf_70,Stripe,109.13480203720746
Elf_71,Stripe,83.26937045940973
Elf_72,Stripe,78.88831939256241
Elf_73,Stripe,104.58090277846597
Elf_74,Stripe,100.9025837143593
Elf_75,Stripe,101.6594813006732
Elf_76,Plain White,81.44473024233068
Elf_77,Plain Red,81.63227692813405
Elf_78,Plain Red,81.04013148928196
Elf_79,Stripe,78.68762978311473
Elf_80,Stripe,102.78618362808282
Elf_81,Stripe,112.40079426247007
Elf_82,Stripe,106.21587348383306
Elf_83,Stripe,109.60468168802717
Elf_84,Plain Red,90.23992145425999
Elf_85,Stripe,102.7037897685999
Elf_86,Plain White,87.71181202223872
Elf_87,Plain White,96.275231098432
Elf_88,Stripe,94.08174232674313
Elf_89,Stripe,78.84435725719271
Elf_90,Plain White,89.35393801678154
Elf_91,Stripe,118.19111377411755
Elf_92,Plain White,82.4290128857471
Elf_93,Plain Red,76.69018681397444
Elf_94,Stripe,90.92903108119677
Elf_95,Stripe,109.51688679300742
Elf_96,Stripe,99.10741148899862
Elf_97,Stripe,104.04874136191222
Elf_98,Stripe,79.48474240873387
Elf_99,Stripe,100.94740965038608
Elf_100,Plain Red,86.17501974557369
